0.000000000000000000e+00,0.000000000000000000e+00,0.000000000000000000e+00,0.000000000000000000e+00,0.000000000000000000e+00
-3.524094447880823378e-01,1.879881097507626331e-01,-8.024606380229379332e-02,-1.112176188183389147e-01,-4.665390346893927287e-02
-9.579561977611172896e-02,-2.688869445300918343e-02,1.508264314380229343e-01,-1.072185277699568007e-01,5.582612322641389291e-02
0.000000000000000000e+00,0.000000000000000000e+00,0.000000000000000000e+00,0.000000000000000000e+00,0.000000000000000000e+00
-1.184871437117639148e-01,4.046522222083949460e-02,-3.782731786246310707e-02,-5.969397313785167192e-02,2.412626865210953930e-02
5.840439349489059406e-01,-2.716525163763354733e-01,1.176794010290109771e-01,2.921054952621637835e-01,2.309398873777470662e-01
0.000000000000000000e+00,0.000000000000000000e+00,0.000000000000000000e+00,0.000000000000000000e+00,0.000000000000000000e+00
-1.468556109384762109e-01,-4.122062846363415411e-02,2.312183770642975977e-01,-1.643670392903234800e-01,8.558198644053360837e-02
-9.907157099732610828e-03,-3.707716395448832358e-01,1.172988071209245531e-01,-2.890836358813571039e-01,5.484460515371485378e-01
-1.032345978042803480e-01,4.956400366947544267e-02,3.807524761326119833e-02,8.076520095072847738e-02,-2.345082664246473936e-01
-4.409901619932141137e-03,-6.671490390509360324e-02,-1.836053557077050868e-01,-4.809046899166879996e-01,-3.736303364391639903e-01
-3.296068917871631254e-01,1.125659350362373523e-01,-1.052278270427549900e-01,-1.660563697295053820e-01,6.711432288543206504e-02
0.000000000000000000e+00,0.000000000000000000e+00,0.000000000000000000e+00,0.000000000000000000e+00,0.000000000000000000e+00
-2.091520857035938930e-01,-2.725746757406788401e-01,-3.781659674906216739e-02,-1.388096298387225536e-01,-1.512095319051889319e-01
0.000000000000000000e+00,0.000000000000000000e+00,0.000000000000000000e+00,0.000000000000000000e+00,0.000000000000000000e+00
0.000000000000000000e+00,0.000000000000000000e+00,0.000000000000000000e+00,0.000000000000000000e+00,0.000000000000000000e+00
0.000000000000000000e+00,0.000000000000000000e+00,0.000000000000000000e+00,0.000000000000000000e+00,0.000000000000000000e+00
1.692425160098610590e-03,6.333837700360167577e-02,-2.003798369426934567e-02,4.938373479023566714e-02,-9.369023699071676869e-02
0.000000000000000000e+00,0.000000000000000000e+00,0.000000000000000000e+00,0.000000000000000000e+00,0.000000000000000000e+00
5.111375035498924024e-01,-1.284322264151605830e-01,9.480106546567925729e-01,-5.944268812519197809e-01,1.113864664827923789e-02
-1.092329406772909739e-01,2.466888207520765916e-02,-1.923096554349245924e-01,1.252968483811816580e-01,6.499956382609167749e-04
2.462848758046940478e-01,1.067009088557696050e-01,1.868682061045959797e-01,-4.072897069090924971e-02,-1.496064666488798878e-01
0.000000000000000000e+00,0.000000000000000000e+00,0.000000000000000000e+00,0.000000000000000000e+00,0.000000000000000000e+00
0.000000000000000000e+00,0.000000000000000000e+00,0.000000000000000000e+00,0.000000000000000000e+00,0.000000000000000000e+00
-6.043061989155229519e-01,1.024251670667742919e-01,2.701390311365380326e-01,-4.053451059929355504e-01,1.027961080173245279e-01
0.000000000000000000e+00,0.000000000000000000e+00,0.000000000000000000e+00,0.000000000000000000e+00,0.000000000000000000e+00
0.000000000000000000e+00,0.000000000000000000e+00,0.000000000000000000e+00,0.000000000000000000e+00,0.000000000000000000e+00
-1.431059211004202525e-01,-4.016813499279851818e-02,2.253146380562394691e-01,-1.601702271086191121e-01,8.339680670633065063e-02
-4.626085866478888420e-01,-4.958193190024777763e-01,-5.685866922907860666e-01,4.373527918182444907e-01,4.668670220279551586e-01
0.000000000000000000e+00,0.000000000000000000e+00,0.000000000000000000e+00,0.000000000000000000e+00,0.000000000000000000e+00
0.000000000000000000e+00,0.000000000000000000e+00,0.000000000000000000e+00,0.000000000000000000e+00,0.000000000000000000e+00
-2.775556077924939968e-01,9.349587249800077327e-02,3.220886893594832046e-02,-2.484982504959640237e-01,7.410179966096430704e-02
0.000000000000000000e+00,0.000000000000000000e+00,0.000000000000000000e+00,0.000000000000000000e+00,0.000000000000000000e+00
2.833589463744146109e-02,3.972750058767593462e-02,6.381961625032389618e-02,-3.001317873692811722e-02,-3.266384305557090695e-02
0.000000000000000000e+00,0.000000000000000000e+00,0.000000000000000000e+00,0.000000000000000000e+00,0.000000000000000000e+00
0.000000000000000000e+00,0.000000000000000000e+00,0.000000000000000000e+00,0.000000000000000000e+00,0.000000000000000000e+00
2.479379427487826693e-02,4.494828985368204410e-02,2.153085685956912521e-01,4.255954462938015825e-01,1.768788439842152727e-01
-6.830824210004449171e-02,-7.408158215490456833e-02,-1.685640220256177102e-01,3.742478919630698453e-03,2.764927327447264105e-01
0.000000000000000000e+00,0.000000000000000000e+00,0.000000000000000000e+00,0.000000000000000000e+00,0.000000000000000000e+00
0.000000000000000000e+00,0.000000000000000000e+00,0.000000000000000000e+00,0.000000000000000000e+00,0.000000000000000000e+00
3.337581695432090267e-01,3.489177276207650058e-02,-5.340867926547723243e-01,-1.625626550780698842e-01,-3.379575528815191854e-01
0.000000000000000000e+00,0.000000000000000000e+00,0.000000000000000000e+00,0.000000000000000000e+00,0.000000000000000000e+00
0.000000000000000000e+00,0.000000000000000000e+00,0.000000000000000000e+00,0.000000000000000000e+00,0.000000000000000000e+00
0.000000000000000000e+00,0.000000000000000000e+00,0.000000000000000000e+00,0.000000000000000000e+00,0.000000000000000000e+00
0.000000000000000000e+00,0.000000000000000000e+00,0.000000000000000000e+00,0.000000000000000000e+00,0.000000000000000000e+00
-5.124212474356106828e-01,1.157238764006643383e-01,-9.021413588324554977e-01,5.877784388952519423e-01,3.049186204456058591e-03
-1.256116362934620589e-01,6.030745248779201262e-02,4.632840401090998483e-02,9.827179320468704127e-02,-2.853400671525814225e-01
1.767844246098215777e-02,1.795191115037586549e-01,-3.902005603699247871e-01,-2.229443452851653795e-02,3.491312572939690995e-01
-9.820482324807188260e-03,3.051473440998645620e-02,-4.008407019761821809e-03,2.046116201896961209e-02,1.253927328629569904e-02
-1.502927080554397332e-01,5.097374124264253403e-01,3.110981786812683225e-03,3.502035589594784115e-01,1.609092892596221125e-01
0.000000000000000000e+00,0.000000000000000000e+00,0.000000000000000000e+00,0.000000000000000000e+00,0.000000000000000000e+00
-5.077711440371877882e-02,1.146737091922943493e-02,-8.939546362491208875e-02,5.824444865466602006e-02,3.021515550277065892e-04
0.000000000000000000e+00,0.000000000000000000e+00,0.000000000000000000e+00,0.000000000000000000e+00,0.000000000000000000e+00
0.000000000000000000e+00,0.000000000000000000e+00,0.000000000000000000e+00,0.000000000000000000e+00,0.000000000000000000e+00
0.000000000000000000e+00,0.000000000000000000e+00,0.000000000000000000e+00,0.000000000000000000e+00,0.000000000000000000e+00
1.105422043132717747e-01,2.441442451166775385e-02,3.137507524847649165e-01,1.598769786809783877e-02,-4.410514789321844376e-01
-2.978272971602987651e-01,-4.300976344099998183e-01,-4.279214846395999750e-02,-1.036420437216175050e-01,-2.249507548293760983e-01
0.000000000000000000e+00,0.000000000000000000e+00,0.000000000000000000e+00,0.000000000000000000e+00,0.000000000000000000e+00
4.735489574996434858e-03,4.343198338924025848e-02,2.648158060698833083e-01,6.174621791332908227e-01,5.784463456916291157e-01
9.408834580197637798e-03,-1.117275055063318978e-01,-1.205652318995603101e-01,-9.114411395674262839e-02,4.780350562761670474e-02
0.000000000000000000e+00,0.000000000000000000e+00,0.000000000000000000e+00,0.000000000000000000e+00,0.000000000000000000e+00
0.000000000000000000e+00,0.000000000000000000e+00,0.000000000000000000e+00,0.000000000000000000e+00,0.000000000000000000e+00
-4.049739069726721041e-01,-5.164010903578786227e-02,5.393144749796057180e-01,-2.982190761842383742e-01,3.274486237352935980e-03
0.000000000000000000e+00,0.000000000000000000e+00,0.000000000000000000e+00,0.000000000000000000e+00,0.000000000000000000e+00
4.734804817126698345e-02,2.727554316759093350e-02,1.763474713444183190e-02,1.085745792553506339e-01,2.632694072825614295e-02
-5.714984886374882000e-01,9.409976740513180393e-02,8.000283419540438201e-02,-1.645998148941760497e-01,1.817944664969282087e-01
-1.229930650241075306e-02,6.560900721670048091e-03,-2.800637011615639792e-03,-3.881563342144820922e-03,-1.628249942743215106e-03
-1.460113748531171041e-01,7.788781704546320073e-02,-3.324779819499334294e-02,-4.608002898821491472e-02,-1.932979007376123270e-02
4.387371594400799046e-02,6.151184207348148192e-02,9.881472778073308039e-02,-4.647072892277048783e-02,-5.057486944372624471e-02
0.000000000000000000e+00,0.000000000000000000e+00,0.000000000000000000e+00,0.000000000000000000e+00,0.000000000000000000e+00
6.177084305000208470e-04,2.311750638771745137e-02,-7.313547298866046598e-03,1.802428256722934941e-02,-3.419545549732821987e-02
-2.020911030524468466e-01,-2.676636940170966095e-01,8.917675278234176925e-03,-2.940335274720998759e-01,7.750560745773493743e-02
0.000000000000000000e+00,0.000000000000000000e+00,0.000000000000000000e+00,0.000000000000000000e+00,0.000000000000000000e+00
-6.738156311207377236e-02,1.324079295777553789e-01,-2.544499083640081594e-01,-4.375447880565841441e-02,2.589828771174120803e-01
1.971711138143161790e-01,2.267851551983168790e-02,-7.903753389302758947e-01,2.805663916006215786e-01,3.008752931305465061e-01
1.061082296146037551e-01,-3.748888709832338129e-01,4.792136084986782507e-02,-2.571550227745052486e-01,-1.445921417435702128e-01
3.154160243435782940e-01,8.853353758740700741e-02,-4.966101109977204553e-01,3.530270156841194273e-01,-1.838127242534026706e-01
-1.342544414259551344e-03,-5.024422128627342721e-02,1.589546392715993073e-02,-3.917446919427924890e-02,7.432133916941513485e-02
-1.403202988660374323e-02,-2.929514898058099837e-01,-5.447141286391624093e-02,2.755104789949122668e-01,5.129760973298647109e-02
0.000000000000000000e+00,0.000000000000000000e+00,0.000000000000000000e+00,0.000000000000000000e+00,0.000000000000000000e+00
1.219397121548967400e-01,1.709619564964649507e-01,2.746391365077129887e-01,-1.291576787273417404e-01,-1.405644561794106018e-01
-8.692404842332646098e-02,4.173313934140010506e-02,3.205954919822484595e-02,6.800470372995204293e-02,-1.974571349133618092e-01
0.000000000000000000e+00,0.000000000000000000e+00,0.000000000000000000e+00,0.000000000000000000e+00,0.000000000000000000e+00
2.087100885583327292e-01,3.014019071533461380e-01,2.998769145968317729e-02,7.262981039599905597e-02,1.576399893809372621e-01
0.000000000000000000e+00,0.000000000000000000e+00,0.000000000000000000e+00,0.000000000000000000e+00,0.000000000000000000e+00
1.330779464295933079e-01,1.865779874831493546e-01,2.997252629989555217e-01,-1.409552175161310483e-01,-1.534039144326242443e-01
-2.453773563727638662e-01,5.541538139277022573e-02,-4.319982100911166079e-01,2.814628007538842458e-01,1.460129246556550464e-03
-1.249873366692040230e-02,-2.023095871699371467e-02,1.990429663652402981e-02,5.519963167709315832e-02,8.040182410502250132e-03
0.000000000000000000e+00,0.000000000000000000e+00,0.000000000000000000e+00,0.000000000000000000e+00,0.000000000000000000e+00
0.000000000000000000e+00,0.000000000000000000e+00,0.000000000000000000e+00,0.000000000000000000e+00,0.000000000000000000e+00
0.000000000000000000e+00,0.000000000000000000e+00,0.000000000000000000e+00,0.000000000000000000e+00,0.000000000000000000e+00
0.000000000000000000e+00,0.000000000000000000e+00,0.000000000000000000e+00,0.000000000000000000e+00,0.000000000000000000e+00
0.000000000000000000e+00,0.000000000000000000e+00,0.000000000000000000e+00,0.000000000000000000e+00,0.000000000000000000e+00
0.000000000000000000e+00,0.000000000000000000e+00,0.000000000000000000e+00,0.000000000000000000e+00,0.000000000000000000e+00
0.000000000000000000e+00,0.000000000000000000e+00,0.000000000000000000e+00,0.000000000000000000e+00,0.000000000000000000e+00
6.337799514062276707e-01,2.810555874750102490e-01,-4.548603723048980640e-01,-4.619635453525532398e-01,-4.665292443902941955e-01
3.474722866923514453e-02,3.301380610723234632e-01,2.252163166691297652e-02,-3.698864647090164270e-01,-6.519517106619909796e-02
4.134460651883919979e-02,1.823917180333207710e-01,2.848282231303107537e-01,8.064661996427862078e-01,6.752853877434183971e-01
0.000000000000000000e+00,0.000000000000000000e+00,0.000000000000000000e+00,0.000000000000000000e+00,0.000000000000000000e+00
0.000000000000000000e+00,0.000000000000000000e+00,0.000000000000000000e+00,0.000000000000000000e+00,0.000000000000000000e+00
-7.675867695083921083e-02,4.094589064045892068e-02,-1.747848072483036350e-02,-2.422442814849075018e-02,-1.016173646260065677e-02
-1.269945359326459799e-01,-1.682005100387689300e-01,5.603888624743019915e-03,-1.847713768986039007e-01,4.870471041329538231e-02
0.000000000000000000e+00,0.000000000000000000e+00,0.000000000000000000e+00,0.000000000000000000e+00,0.000000000000000000e+00
-2.217138790584205488e-02,-3.108473677393883139e-02,-4.993558474127915425e-02,2.348377690480751845e-02,2.555778612769443736e-02
4.306408964030126185e-01,1.909716927156885902e-01,-3.090685939701456331e-01,-3.138950590575322330e-01,-3.169973609242244805e-01
-4.689255443556764047e-03,-1.754936266327329353e-01,5.551986955262433465e-02,-1.368290620158252313e-01,2.595904765391474633e-01
8.180995895554539488e-02,-1.964645125400517611e-01,1.397908587283385740e-01,-8.263724562050633882e-02,4.675484060023871180e-02
3.629360445357236453e-01,-8.196452853855465404e-02,6.389657299054071204e-01,-4.163097895405485915e-01,-2.159667628218786550e-03
7.422813235612812921e-01,-3.959600543722371357e-01,1.690225824837595092e-01,2.342580839439592499e-01,9.826729030219061300e-02
0.000000000000000000e+00,0.000000000000000000e+00,0.000000000000000000e+00,0.000000000000000000e+00,0.000000000000000000e+00
5.856507183164705310e-02,3.822873267961908184e-01,1.447366004580485921e-02,1.899467154394072210e-01,-5.192096662876641844e-01
0.000000000000000000e+00,0.000000000000000000e+00,0.000000000000000000e+00,0.000000000000000000e+00,0.000000000000000000e+00
0.000000000000000000e+00,0.000000000000000000e+00,0.000000000000000000e+00,0.000000000000000000e+00,0.000000000000000000e+00
0.000000000000000000e+00,0.000000000000000000e+00,0.000000000000000000e+00,0.000000000000000000e+00,0.000000000000000000e+00
-1.576605575609040244e-01,4.898914209894300598e-01,-6.435200072304972374e-02,3.284887753533102805e-01,2.013087292802340222e-01
0.000000000000000000e+00,0.000000000000000000e+00,0.000000000000000000e+00,0.000000000000000000e+00,0.000000000000000000e+00
-3.254419881608819343e-02,3.864540418296176782e-01,4.170228356979630568e-01,3.152581906123931299e-01,-1.653474485060479893e-01
1.415190573932183227e-02,-2.979226205342973000e-01,3.169400820986201239e-02,-2.322493165825978145e-01,-6.925997020960916739e-02
0.000000000000000000e+00,0.000000000000000000e+00,0.000000000000000000e+00,0.000000000000000000e+00,0.000000000000000000e+00
-4.753530905045888488e-02,5.752867198615382871e-02,2.677590244974359379e-02,5.757652996621265284e-02,-1.353303048839062939e-01
0.000000000000000000e+00,0.000000000000000000e+00,0.000000000000000000e+00,0.000000000000000000e+00,0.000000000000000000e+00
2.734025301225557758e-01,-1.057207768883388077e-01,3.671337393041924635e-01,-6.292286698656153199e-01,-2.443062621260647660e-01
1.730475919045018074e-01,-2.380897676213025727e-02,-2.098406367478813581e-02,6.251984677020952508e-02,-4.951894377722099172e-02
0.000000000000000000e+00,0.000000000000000000e+00,0.000000000000000000e+00,0.000000000000000000e+00,0.000000000000000000e+00
8.780871189239829178e-02,-1.983049019296264162e-02,1.545913075626128841e-01,-1.007219506525276476e-01,-5.225097793529788481e-04
0.000000000000000000e+00,0.000000000000000000e+00,0.000000000000000000e+00,0.000000000000000000e+00,0.000000000000000000e+00
0.000000000000000000e+00,0.000000000000000000e+00,0.000000000000000000e+00,0.000000000000000000e+00,0.000000000000000000e+00
9.831227097623396194e-02,-2.360943904708072694e-01,1.679887993926106327e-01,-9.930643393413046693e-02,5.618600250171290611e-02
3.834910251690373806e-03,5.801618516154538607e-02,1.596657072090355012e-01,4.182012399351160425e-01,3.249140073957308417e-01
4.934187182019662554e-01,-1.685102489138823323e-01,1.575251635579918430e-01,2.485849754443622828e-01,-1.004695714691132835e-01
-2.310183348797149178e-02,-3.195240696003511793e-01,-7.797125473717153588e-02,2.504034766557216574e-01,7.590109354633001182e-02
0.000000000000000000e+00,0.000000000000000000e+00,0.000000000000000000e+00,0.000000000000000000e+00,0.000000000000000000e+00
2.691339353439176629e-01,2.770181198480896057e-01,3.778537313555644372e-01,1.220765582563732021e-01,-1.027092096815946931e-01
0.000000000000000000e+00,0.000000000000000000e+00,0.000000000000000000e+00,0.000000000000000000e+00,0.000000000000000000e+00
4.855044838752324843e-01,2.153014585496793032e-01,-3.484438878213094171e-01,-3.538852438577795301e-01,-3.573827785303880233e-01
-1.599265350893749882e-01,-2.588635949342689146e-01,2.546838167209879433e-01,7.063024197156415607e-01,1.028775033267022021e-01
1.223850578362931096e-01,1.715863401993900084e-01,2.756421678518492513e-01,-1.296293857161810448e-01,-1.410778227636937388e-01
4.193295232485363955e-03,3.048599817234447507e-01,-1.158040164052489551e-01,3.333306954319841253e-01,-5.154626477151458275e-01
0.000000000000000000e+00,0.000000000000000000e+00,0.000000000000000000e+00,0.000000000000000000e+00,0.000000000000000000e+00
0.000000000000000000e+00,0.000000000000000000e+00,0.000000000000000000e+00,0.000000000000000000e+00,0.000000000000000000e+00
0.000000000000000000e+00,0.000000000000000000e+00,0.000000000000000000e+00,0.000000000000000000e+00,0.000000000000000000e+00
2.628349024309155069e-01,1.514099314352397030e-01,9.789267396428000256e-02,6.027109890957556004e-01,1.461441213497547409e-01
3.008961465535551771e-01,-2.596231633789117255e-02,1.835149741407904878e-01,2.194517566674891174e-01,-9.645596591889349369e-02
-2.188303020458408632e-01,-1.393340729451324478e-01,1.155232316957825328e-01,1.287500109490171130e-01,1.810529995608889386e-01
0.000000000000000000e+00,0.000000000000000000e+00,0.000000000000000000e+00,0.000000000000000000e+00,0.000000000000000000e+00
0.000000000000000000e+00,0.000000000000000000e+00,0.000000000000000000e+00,0.000000000000000000e+00,0.000000000000000000e+00
0.000000000000000000e+00,0.000000000000000000e+00,0.000000000000000000e+00,0.000000000000000000e+00,0.000000000000000000e+00
0.000000000000000000e+00,0.000000000000000000e+00,0.000000000000000000e+00,0.000000000000000000e+00,0.000000000000000000e+00
0.000000000000000000e+00,0.000000000000000000e+00,0.000000000000000000e+00,0.000000000000000000e+00,0.000000000000000000e+00
-8.026461965496056727e-02,1.104331151421508034e-02,9.733032809851696956e-03,-2.899856430632431412e-02,2.296835884423903407e-02
-1.176433975456158132e-01,2.607410545218100117e-02,1.769819692582241810e-02,9.348463997304179429e-02,5.063479678735038902e-02
0.000000000000000000e+00,0.000000000000000000e+00,0.000000000000000000e+00,0.000000000000000000e+00,0.000000000000000000e+00
0.000000000000000000e+00,0.000000000000000000e+00,0.000000000000000000e+00,0.000000000000000000e+00,0.000000000000000000e+00
0.000000000000000000e+00,0.000000000000000000e+00,0.000000000000000000e+00,0.000000000000000000e+00,0.000000000000000000e+00
0.000000000000000000e+00,0.000000000000000000e+00,0.000000000000000000e+00,0.000000000000000000e+00,0.000000000000000000e+00
-1.138901095656015550e-03,-1.722978961949406251e-02,-4.741791513866761010e-02,-1.241984346718050247e-01,-9.649376249519070470e-02
-5.578729407021505021e-02,1.733453007398849388e-01,-2.277059046272014373e-02,1.162338900287144539e-01,7.123195206841381744e-02
7.685816227835404191e-02,6.537103370457678642e-01,4.660950931855133844e-02,-7.345678541618034796e-01,-1.288874936159940532e-01
6.467982934383074145e-01,-1.287752283538037834e-01,-6.547955257851656441e-02,-1.672811363551780783e-02,-1.797393237975173363e-01
0.000000000000000000e+00,0.000000000000000000e+00,0.000000000000000000e+00,0.000000000000000000e+00,0.000000000000000000e+00
2.105179244935766886e-02,4.345680996638651150e-02,-3.365161092784149655e-02,-1.317887342358801672e-01,-1.396652790241451059e-02
2.802643822400523455e-01,1.242858352083006102e-01,-2.011441999177456808e-01,-2.042853002345474955e-01,-2.063043019676689127e-01
0.000000000000000000e+00,0.000000000000000000e+00,0.000000000000000000e+00,0.000000000000000000e+00,0.000000000000000000e+00
0.000000000000000000e+00,0.000000000000000000e+00,0.000000000000000000e+00,0.000000000000000000e+00,0.000000000000000000e+00
0.000000000000000000e+00,0.000000000000000000e+00,0.000000000000000000e+00,0.000000000000000000e+00,0.000000000000000000e+00
0.000000000000000000e+00,0.000000000000000000e+00,0.000000000000000000e+00,0.000000000000000000e+00,0.000000000000000000e+00
0.000000000000000000e+00,0.000000000000000000e+00,0.000000000000000000e+00,0.000000000000000000e+00,0.000000000000000000e+00
-4.443553279828822700e-02,5.276605931457725163e-01,5.693989272254388334e-01,4.304504697765331178e-01,-2.257637993402261678e-01
-1.132793739843990649e-01,3.519878043598365647e-01,-4.623702002153984997e-02,2.360197338421202162e-01,1.446406582803725360e-01
-5.364588155714979933e-01,1.172577121914852999e-01,-3.281150945970914834e-01,-2.478801869565991911e-01,2.367283569994191872e-01
-2.992102748670926737e-01,-3.962951671257497477e-01,1.320325353701219326e-02,-4.353375841203438457e-01,1.147525732745955374e-01
3.849414199851668161e-02,-8.693416506593535167e-03,6.777072134190746666e-02,-4.415512979551720896e-02,-2.290611627087137114e-04
-8.567317238304728022e-01,3.475961779763510062e-01,-1.192099512341182610e-01,-1.367824417840295403e-01,5.668475062797462272e-02
0.000000000000000000e+00,0.000000000000000000e+00,0.000000000000000000e+00,0.000000000000000000e+00,0.000000000000000000e+00
-2.656676182390816376e-01,-7.456974994874118745e-02,4.182832044021258522e-01,-2.973464858864915961e-01,1.548212040148135848e-01
0.000000000000000000e+00,0.000000000000000000e+00,0.000000000000000000e+00,0.000000000000000000e+00,0.000000000000000000e+00
1.134087878394129945e-01,-1.868376755367915365e-01,1.679691410139818875e-01,-4.196263560067281517e-01,7.543175591925974643e-01
-3.178179515521339926e-02,-1.413134384222769491e-02,-2.098593905839738483e-01,2.452004845645383568e-02,4.002725753780813633e-01
7.492800005162458810e-01,-8.705036655453080030e-02,1.573320990258768592e-01,2.415893869807011485e-01,1.976749398742390085e-01
0.000000000000000000e+00,0.000000000000000000e+00,0.000000000000000000e+00,0.000000000000000000e+00,0.000000000000000000e+00
-1.079153814540072531e-01,3.444233259416715764e-01,1.237301996161937478e-01,2.726781254461763671e-01,-4.714807594102703447e-01
2.151166616051192193e-01,3.106537518914552765e-01,3.090819481037430927e-02,7.485925789846714640e-02,1.624789126646173365e-01
0.000000000000000000e+00,0.000000000000000000e+00,0.000000000000000000e+00,0.000000000000000000e+00,0.000000000000000000e+00
-4.819793629475371301e-03,5.723381729018358482e-02,6.176105358135815931e-02,4.668971657100359773e-02,-2.448794586903418891e-02
0.000000000000000000e+00,0.000000000000000000e+00,0.000000000000000000e+00,0.000000000000000000e+00,0.000000000000000000e+00
0.000000000000000000e+00,0.000000000000000000e+00,0.000000000000000000e+00,0.000000000000000000e+00,0.000000000000000000e+00
1.139992093322614308e-01,1.845237573047003310e-01,-1.815443179563019371e-01,-5.034681539998903110e-01,-7.333338417397072817e-02
0.000000000000000000e+00,0.000000000000000000e+00,0.000000000000000000e+00,0.000000000000000000e+00,0.000000000000000000e+00
0.000000000000000000e+00,0.000000000000000000e+00,0.000000000000000000e+00,0.000000000000000000e+00,0.000000000000000000e+00
0.000000000000000000e+00,0.000000000000000000e+00,0.000000000000000000e+00,0.000000000000000000e+00,0.000000000000000000e+00
-2.021346568970789903e-01,1.013944596307130297e-01,-6.294226007991703398e-01,1.884538815682601509e-02,5.405139735885349239e-01
3.175207191413807750e-03,4.803591120864836306e-02,1.321991046671386894e-01,3.462598854601206533e-01,2.690204529347886009e-01
0.000000000000000000e+00,0.000000000000000000e+00,0.000000000000000000e+00,0.000000000000000000e+00,0.000000000000000000e+00
-2.575927964931911535e-02,-2.447423568365151847e-01,-1.669603679157930648e-02,2.742091743095914635e-01,4.833135497698903826e-02
-1.039111585613440580e-01,1.429675115547631402e-02,1.260045484467403783e-02,-3.754175160412137613e-02,2.973500389109567932e-02
0.000000000000000000e+00,0.000000000000000000e+00,0.000000000000000000e+00,0.000000000000000000e+00,0.000000000000000000e+00
0.000000000000000000e+00,0.000000000000000000e+00,0.000000000000000000e+00,0.000000000000000000e+00,0.000000000000000000e+00
0.000000000000000000e+00,0.000000000000000000e+00,0.000000000000000000e+00,0.000000000000000000e+00,0.000000000000000000e+00
7.753537244685434482e-01,-9.477400883670648035e-01,6.030251765354712745e-01,3.012182937978535868e-02,2.352951486472676379e-01
5.855640540991076115e-01,-3.123613208899062021e-01,1.333369781670389609e-01,1.847993597381533126e-01,7.752019492907846754e-02
0.000000000000000000e+00,0.000000000000000000e+00,0.000000000000000000e+00,0.000000000000000000e+00,0.000000000000000000e+00
0.000000000000000000e+00,0.000000000000000000e+00,0.000000000000000000e+00,0.000000000000000000e+00,0.000000000000000000e+00
0.000000000000000000e+00,0.000000000000000000e+00,0.000000000000000000e+00,0.000000000000000000e+00,0.000000000000000000e+00
3.132001607274100263e-01,-7.073230641795658080e-02,5.514034010088064708e-01,-3.592596959149924607e-01,-1.863711963746086941e-03
0.000000000000000000e+00,0.000000000000000000e+00,0.000000000000000000e+00,0.000000000000000000e+00,0.000000000000000000e+00
0.000000000000000000e+00,0.000000000000000000e+00,0.000000000000000000e+00,0.000000000000000000e+00,0.000000000000000000e+00
-3.268046220567166760e-02,1.145480520962899318e-02,5.943250504405472867e-02,1.127709324630803422e-01,-2.441441546848903688e-01
-1.192338481365848857e-01,2.863370199850308051e-01,-2.037380562622521096e-01,1.204395763124039287e-01,-6.814279868797323836e-02
0.000000000000000000e+00,0.000000000000000000e+00,0.000000000000000000e+00,0.000000000000000000e+00,0.000000000000000000e+00
-2.314980916775786213e-01,4.549046000794962907e-01,-8.741956329482505339e-01,-1.503241818390206319e-01,8.897692345030563388e-01
5.289050746041847884e-01,1.471746052482186817e-01,1.878587289635846591e-01,9.056926452261861993e-01,1.636881221804706854e-01
0.000000000000000000e+00,0.000000000000000000e+00,0.000000000000000000e+00,0.000000000000000000e+00,0.000000000000000000e+00
1.246861176511536717e-01,-2.625145320184234521e-01,6.997926292953806637e-01,3.124070487740002733e-01,-9.425482098338369141e-01
-5.600238078331520311e-04,-5.320861005415136735e-03,-3.629829027454893392e-04,5.961489142174118336e-03,1.050755681852495044e-03
0.000000000000000000e+00,0.000000000000000000e+00,0.000000000000000000e+00,0.000000000000000000e+00,0.000000000000000000e+00
0.000000000000000000e+00,0.000000000000000000e+00,0.000000000000000000e+00,0.000000000000000000e+00,0.000000000000000000e+00
-3.832014052463814657e-01,1.155257451068591124e+00,-7.036188060693184809e-01,5.687844996592656965e-01,-3.123855913225330738e-01
0.000000000000000000e+00,0.000000000000000000e+00,0.000000000000000000e+00,0.000000000000000000e+00,0.000000000000000000e+00
0.000000000000000000e+00,0.000000000000000000e+00,0.000000000000000000e+00,0.000000000000000000e+00,0.000000000000000000e+00
0.000000000000000000e+00,0.000000000000000000e+00,0.000000000000000000e+00,0.000000000000000000e+00,0.000000000000000000e+00
0.000000000000000000e+00,0.000000000000000000e+00,0.000000000000000000e+00,0.000000000000000000e+00,0.000000000000000000e+00
1.562899804814266158e-02,1.381904568045178028e-02,-1.207061662026415183e-02,-1.666577672830862888e-03,6.430324071612342207e-02
2.511437543584215115e-01,2.720586554886121888e-01,2.263427887392446824e-02,4.332413056519771599e-01,-2.027382520231379992e-02
-1.161935885413842573e-01,-1.880756687520729054e-01,1.850388779553689966e-01,5.131594497208338268e-01,7.474498390793860025e-02
0.000000000000000000e+00,0.000000000000000000e+00,0.000000000000000000e+00,0.000000000000000000e+00,0.000000000000000000e+00
1.631259588388740411e-01,-7.831846875410097830e-02,-6.016453211467154283e-02,-1.276209829468211154e-01,3.705578035833321238e-01
9.249404373921521483e-03,1.114947912516968120e-01,3.030908247585974991e-01,7.960931103573596346e-01,6.181815905376524256e-01
-3.107099260060748949e-02,4.274942706006770732e-03,3.767724705061661038e-03,-1.122554596113832862e-02,8.891211479793548200e-03
0.000000000000000000e+00,0.000000000000000000e+00,0.000000000000000000e+00,0.000000000000000000e+00,0.000000000000000000e+00
0.000000000000000000e+00,0.000000000000000000e+00,0.000000000000000000e+00,0.000000000000000000e+00,0.000000000000000000e+00
-4.770226994642502716e-03,-1.785239565700031950e-01,5.647855691949210666e-02,-1.391917529629034256e-01,2.640729458320805190e-01
2.751514784975353511e-02,3.973510861313322984e-02,3.953406229116527421e-03,9.575100011454139304e-03,2.078235721527088575e-02
0.000000000000000000e+00,0.000000000000000000e+00,0.000000000000000000e+00,0.000000000000000000e+00,0.000000000000000000e+00
-3.559424911241897416e-01,-4.714353110696957172e-01,1.570667637331611341e-02,-5.178804245295780539e-01,1.365104083154022874e-01
-2.167401378505873777e-01,-6.083638642338867752e-02,3.412488130228805705e-01,-2.425847710292958204e-01,1.263080887417999953e-01
0.000000000000000000e+00,0.000000000000000000e+00,0.000000000000000000e+00,0.000000000000000000e+00,0.000000000000000000e+00
-2.978146814044771093e-02,-2.829577069690090152e-01,-1.930304319644702421e-02,3.170256272572233858e-01,5.587806522648341989e-02
0.000000000000000000e+00,0.000000000000000000e+00,0.000000000000000000e+00,0.000000000000000000e+00,0.000000000000000000e+00
2.042112237144257797e-03,3.089395941367756304e-02,8.502292704246217081e-02,2.226946169819643551e-01,1.730186176403818443e-01
2.887593200226477030e-01,-6.496146268084196373e-01,7.987473133039393325e-01,-4.801823184539921741e-02,-7.081532153879712688e-01
-7.624892408052871828e-02,1.049080684446967830e-02,9.246082308518260504e-03,-2.754774566605206962e-02,2.181923563952853362e-02
0.000000000000000000e+00,0.000000000000000000e+00,0.000000000000000000e+00,0.000000000000000000e+00,0.000000000000000000e+00
0.000000000000000000e+00,0.000000000000000000e+00,0.000000000000000000e+00,0.000000000000000000e+00,0.000000000000000000e+00
-1.463271393079183455e-02,4.546756101454398069e-02,-5.972606161123964960e-03,3.048753825042331903e-02,1.868376652284109429e-02
0.000000000000000000e+00,0.000000000000000000e+00,0.000000000000000000e+00,0.000000000000000000e+00,0.000000000000000000e+00
0.000000000000000000e+00,0.000000000000000000e+00,0.000000000000000000e+00,0.000000000000000000e+00,0.000000000000000000e+00
0.000000000000000000e+00,0.000000000000000000e+00,0.000000000000000000e+00,0.000000000000000000e+00,0.000000000000000000e+00
0.000000000000000000e+00,0.000000000000000000e+00,0.000000000000000000e+00,0.000000000000000000e+00,0.000000000000000000e+00
-3.562215687490355442e-02,6.999920781082025201e-02,-1.345183182745626205e-01,-2.313138544148002351e-02,1.369147323169950248e-01
-4.860495013760521843e-01,-2.155431516066113051e-01,3.488350438728471392e-01,3.542825082654015301e-01,3.577839691996000937e-01
1.178668534199445173e-01,4.611726273917393648e-02,5.188157397373889257e-01,-7.023913484677102304e-02,-4.494224586119750509e-01
1.613678940729004752e-01,1.842277702892387570e-01,2.721861860021044036e-02,1.852719451495147274e-01,-5.470316592014856649e-02
7.802365983629755419e-02,-2.803850400436419532e-01,-4.998648105585679069e-02,2.129310448669556044e-01,2.701695146277451887e-01
0.000000000000000000e+00,0.000000000000000000e+00,0.000000000000000000e+00,0.000000000000000000e+00,0.000000000000000000e+00
0.000000000000000000e+00,0.000000000000000000e+00,0.000000000000000000e+00,0.000000000000000000e+00,0.000000000000000000e+00
5.498128345139322581e-01,3.167278120448656087e-01,2.047774022880994305e-01,1.260784752110815976e+00,3.057124942832754044e-01
0.000000000000000000e+00,0.000000000000000000e+00,0.000000000000000000e+00,0.000000000000000000e+00,0.000000000000000000e+00
3.873466832806542470e-01,2.225656407148137728e-01,-4.415070868973867135e-01,-4.706043547982579067e-01,-2.772060927973778455e-01
-1.053229728685553673e-01,2.209944181530025531e-01,-2.388174443374803668e-01,5.781720512102853093e-02,-1.438292686483431115e-01
0.000000000000000000e+00,0.000000000000000000e+00,0.000000000000000000e+00,0.000000000000000000e+00,0.000000000000000000e+00
0.000000000000000000e+00,0.000000000000000000e+00,0.000000000000000000e+00,0.000000000000000000e+00,0.000000000000000000e+00
-3.882423713471461202e-02,1.863991987897101188e-02,1.431925414290657894e-02,3.037399651509020693e-02,-8.819334544202417359e-02
0.000000000000000000e+00,0.000000000000000000e+00,0.000000000000000000e+00,0.000000000000000000e+00,0.000000000000000000e+00
-1.193387277988247064e-01,-1.294251102925785268e-01,-2.944917819979613327e-01,6.538342363261562262e-03,4.830499213118342183e-01
1.035265692019479294e-01,-2.338017004264935500e-02,1.822633239400234528e-01,-1.187512920945926753e-01,-6.160396123014201530e-04
0.000000000000000000e+00,0.000000000000000000e+00,0.000000000000000000e+00,0.000000000000000000e+00,0.000000000000000000e+00
0.000000000000000000e+00,0.000000000000000000e+00,0.000000000000000000e+00,0.000000000000000000e+00,0.000000000000000000e+00
8.874835912071646349e-02,1.436517040381530830e-01,-1.413322111678185222e-01,-3.919498459572343108e-01,-5.709002327586487624e-02
0.000000000000000000e+00,0.000000000000000000e+00,0.000000000000000000e+00,0.000000000000000000e+00,0.000000000000000000e+00
5.379587790201975084e-01,-3.204000683475956984e-02,7.922608509029799295e-01,-2.333240103233080731e-01,5.948710172810312002e-02
-8.402268090943627865e-02,2.610798235326821093e-01,-3.429537296002443947e-02,1.750628564356092320e-01,1.072842782384750837e-01
2.236316180081182083e-03,3.229503500909919333e-03,3.213163296408098587e-04,7.782240967206775772e-04,1.689103106206030908e-03
0.000000000000000000e+00,0.000000000000000000e+00,0.000000000000000000e+00,0.000000000000000000e+00,0.000000000000000000e+00
5.022377443901588912e-01,1.409721789288227722e-01,-7.907535532093221686e-01,5.621258223483526217e-01,-2.926854721834892814e-01
-1.667981332724598476e-01,-4.681825798901385893e-02,2.626170932533846147e-01,-1.866875575944639820e-01,9.720374651541430211e-02
-2.861705453876837169e-01,1.373934539715215841e-01,1.055461502927106388e-01,2.238844543980733626e-01,-6.500665467587953827e-01
-2.160717720574347606e-02,-3.497425592779044440e-02,3.440953908149203821e-02,9.542632518807811493e-02,1.389945979647622121e-02
0.000000000000000000e+00,0.000000000000000000e+00,0.000000000000000000e+00,0.000000000000000000e+00,0.000000000000000000e+00
0.000000000000000000e+00,0.000000000000000000e+00,0.000000000000000000e+00,0.000000000000000000e+00,0.000000000000000000e+00
0.000000000000000000e+00,0.000000000000000000e+00,0.000000000000000000e+00,0.000000000000000000e+00,0.000000000000000000e+00
0.000000000000000000e+00,0.000000000000000000e+00,0.000000000000000000e+00,0.000000000000000000e+00,0.000000000000000000e+00
0.000000000000000000e+00,0.000000000000000000e+00,0.000000000000000000e+00,0.000000000000000000e+00,0.000000000000000000e+00
-6.221470132918278662e-01,2.124729853234349763e-01,-1.986219946884874021e-01,-3.134384536231312746e-01,1.266811361433459737e-01
-3.967164481778349960e-02,-6.421413800247588455e-02,6.317729520086208528e-02,1.752065641467245027e-01,2.551996621096319640e-02
0.000000000000000000e+00,0.000000000000000000e+00,0.000000000000000000e+00,0.000000000000000000e+00,0.000000000000000000e+00
0.000000000000000000e+00,0.000000000000000000e+00,0.000000000000000000e+00,0.000000000000000000e+00,0.000000000000000000e+00
0.000000000000000000e+00,0.000000000000000000e+00,0.000000000000000000e+00,0.000000000000000000e+00,0.000000000000000000e+00
0.000000000000000000e+00,0.000000000000000000e+00,0.000000000000000000e+00,0.000000000000000000e+00,0.000000000000000000e+00
0.000000000000000000e+00,0.000000000000000000e+00,0.000000000000000000e+00,0.000000000000000000e+00,0.000000000000000000e+00
-8.985533131283718333e-02,-9.744980845735784492e-02,-2.217357024698847212e-01,4.923003036181303194e-03,3.637093466697947086e-01
1.366905552623469688e-01,-6.562655666514105590e-02,-5.041455915656467557e-02,-1.069393439664516610e-01,3.105069989420399246e-01
-2.154885651254145051e-01,4.866537482808732523e-02,-3.793776076381886742e-01,2.471785333708452770e-01,1.282274619342375910e-03
-2.005216409268925637e-01,-9.753036518275548516e-02,3.662023127381112131e-01,-2.571775777270003394e-01,1.346069004667063140e-01
-6.382334248470171445e-03,-1.615079371253320684e-01,-1.099450925622877939e-01,-4.633181860612038960e-01,-1.326532305570333747e-01
-5.514497129442435391e-02,1.713494406323596286e-01,-2.250841483444894833e-02,1.148955982881215976e-01,7.041180285809378603e-02
0.000000000000000000e+00,0.000000000000000000e+00,0.000000000000000000e+00,0.000000000000000000e+00,0.000000000000000000e+00
-3.615012957400365323e-02,-3.920550012141610363e-02,-8.920755461422347210e-02,1.980596977952955862e-03,1.463256527719336564e-01
-4.179569755032874756e-01,2.593803276827736370e-01,-4.474040487442931813e-02,-1.402426626196040249e-01,-1.494426617190829365e-01
-4.284426648771627599e-02,-6.934947248831455080e-02,6.822971127089508259e-02,1.892181874277738263e-01,2.756084952166881763e-02
-9.822212419588645382e-04,-1.485946885405489692e-02,-4.089458134358464614e-02,-1.071123218846505853e-01,-8.321901137931342340e-02
0.000000000000000000e+00,0.000000000000000000e+00,0.000000000000000000e+00,0.000000000000000000e+00,0.000000000000000000e+00
0.000000000000000000e+00,0.000000000000000000e+00,0.000000000000000000e+00,0.000000000000000000e+00,0.000000000000000000e+00
0.000000000000000000e+00,0.000000000000000000e+00,0.000000000000000000e+00,0.000000000000000000e+00,0.000000000000000000e+00
0.000000000000000000e+00,0.000000000000000000e+00,0.000000000000000000e+00,0.000000000000000000e+00,0.000000000000000000e+00
3.447842864411735375e-01,5.228835355235317284e-01,5.110271074541371250e-02,8.590739139631864418e-02,2.522605063570946271e-01
0.000000000000000000e+00,0.000000000000000000e+00,0.000000000000000000e+00,0.000000000000000000e+00,0.000000000000000000e+00
0.000000000000000000e+00,0.000000000000000000e+00,0.000000000000000000e+00,0.000000000000000000e+00,0.000000000000000000e+00
0.000000000000000000e+00,0.000000000000000000e+00,0.000000000000000000e+00,0.000000000000000000e+00,0.000000000000000000e+00
0.000000000000000000e+00,0.000000000000000000e+00,0.000000000000000000e+00,0.000000000000000000e+00,0.000000000000000000e+00
-6.681763300279246198e-02,1.642328400068764349e-01,-1.055819458868328120e-01,9.117583008924790011e-02,-2.007877563905041685e-02
0.000000000000000000e+00,0.000000000000000000e+00,0.000000000000000000e+00,0.000000000000000000e+00,0.000000000000000000e+00
-1.358152551556721099e-01,2.389687281121313789e-01,-1.894750805767094481e-01,2.633623863409188526e-01,7.250879058203435479e-02
0.000000000000000000e+00,0.000000000000000000e+00,0.000000000000000000e+00,0.000000000000000000e+00,0.000000000000000000e+00
0.000000000000000000e+00,0.000000000000000000e+00,0.000000000000000000e+00,0.000000000000000000e+00,0.000000000000000000e+00
-2.603629710286454318e-03,-3.938883922967911788e-02,-1.084015926631147764e-01,-2.839287236758036848e-01,-2.205933665777122243e-01
0.000000000000000000e+00,0.000000000000000000e+00,0.000000000000000000e+00,0.000000000000000000e+00,0.000000000000000000e+00
-9.241693119761191788e-01,2.164634531279789886e-01,-1.986903638317872312e-01,-2.961912343961096150e-01,-2.094498887615774407e-01
0.000000000000000000e+00,0.000000000000000000e+00,0.000000000000000000e+00,0.000000000000000000e+00,0.000000000000000000e+00
0.000000000000000000e+00,0.000000000000000000e+00,0.000000000000000000e+00,0.000000000000000000e+00,0.000000000000000000e+00
1.848753305756427601e-01,-3.632886893824185393e-01,6.981362371409414180e-01,1.200495114651256578e-01,-7.105733795589728174e-01
0.000000000000000000e+00,0.000000000000000000e+00,0.000000000000000000e+00,0.000000000000000000e+00,0.000000000000000000e+00
0.000000000000000000e+00,0.000000000000000000e+00,0.000000000000000000e+00,0.000000000000000000e+00,0.000000000000000000e+00
6.643883274883834178e-03,-2.268990581640636071e-03,2.121076402107421530e-03,3.347196812396134938e-03,-1.352822827538464889e-03
8.256416857598392056e-02,-1.548175911368410151e-01,3.031601867473341372e-01,5.543171002602109709e-02,-3.095279436064766188e-01
0.000000000000000000e+00,0.000000000000000000e+00,0.000000000000000000e+00,0.000000000000000000e+00,0.000000000000000000e+00
0.000000000000000000e+00,0.000000000000000000e+00,0.000000000000000000e+00,0.000000000000000000e+00,0.000000000000000000e+00
0.000000000000000000e+00,0.000000000000000000e+00,0.000000000000000000e+00,0.000000000000000000e+00,0.000000000000000000e+00
-2.162548628859619626e-01,1.762948460557094421e-01,3.057499795698053191e-01,-4.701110746534258311e-01,-6.484111504350789090e-01
0.000000000000000000e+00,0.000000000000000000e+00,0.000000000000000000e+00,0.000000000000000000e+00,0.000000000000000000e+00
0.000000000000000000e+00,0.000000000000000000e+00,0.000000000000000000e+00,0.000000000000000000e+00,0.000000000000000000e+00
2.302139972412506896e-01,3.222972134261548049e-01,4.080462938773212755e-01,-1.218369481249665376e-01,-2.289638285195865208e-01
-5.830512192215009382e-02,-2.585594615019412568e-02,4.184526412668601592e-02,4.249872653056710470e-02,4.291875186974769552e-02
0.000000000000000000e+00,0.000000000000000000e+00,0.000000000000000000e+00,0.000000000000000000e+00,0.000000000000000000e+00
0.000000000000000000e+00,0.000000000000000000e+00,0.000000000000000000e+00,0.000000000000000000e+00,0.000000000000000000e+00
0.000000000000000000e+00,0.000000000000000000e+00,0.000000000000000000e+00,0.000000000000000000e+00,0.000000000000000000e+00
3.682156398121079199e-01,-1.257514294245427044e-01,1.175537667022010235e-01,1.855075059058800546e-01,-7.497580893355038079e-02
0.000000000000000000e+00,0.000000000000000000e+00,0.000000000000000000e+00,0.000000000000000000e+00,0.000000000000000000e+00
1.675175638229338404e-03,6.269282011574273117e-02,-1.983375272081219776e-02,4.888040629256623637e-02,-9.273532812383700197e-02
0.000000000000000000e+00,0.000000000000000000e+00,0.000000000000000000e+00,0.000000000000000000e+00,0.000000000000000000e+00
6.280610088620420806e-01,-2.214351123820768596e-01,1.660433935263829208e-01,2.519929720275818630e-01,-3.897813234041092034e-03
0.000000000000000000e+00,0.000000000000000000e+00,0.000000000000000000e+00,0.000000000000000000e+00,0.000000000000000000e+00
-8.242965529710888362e-02,-3.908144883334938591e-01,-6.099826886745207677e-01,3.412582115222354551e-01,2.499443000996004471e-01
0.000000000000000000e+00,0.000000000000000000e+00,0.000000000000000000e+00,0.000000000000000000e+00,0.000000000000000000e+00
0.000000000000000000e+00,0.000000000000000000e+00,0.000000000000000000e+00,0.000000000000000000e+00,0.000000000000000000e+00
2.826340493271929932e-01,3.743404462406934030e-01,-1.247179433633068164e-02,4.112199164246778116e-01,-1.083952897998605724e-01
0.000000000000000000e+00,0.000000000000000000e+00,0.000000000000000000e+00,0.000000000000000000e+00,0.000000000000000000e+00
3.296217975508968223e-01,2.912589538126324484e-01,5.405172314230526354e-01,2.877366019355900306e-01,-7.346150160956232966e-01
-1.795010065526120302e-02,-1.946722409330842174e-02,-4.429540373450102653e-02,9.834519414095750645e-04,7.265700639678529527e-02
0.000000000000000000e+00,0.000000000000000000e+00,0.000000000000000000e+00,0.000000000000000000e+00,0.000000000000000000e+00
-7.495529760846500467e-02,-1.213256936220858950e-01,1.193666908853680125e-01,3.310339215551615921e-01,4.821722595790256527e-02
-1.424798529613910125e-01,-3.999240509057060133e-02,2.243289184224231958e-01,-1.594695050473458053e-01,8.303195748713632085e-02
0.000000000000000000e+00,0.000000000000000000e+00,0.000000000000000000e+00,0.000000000000000000e+00,0.000000000000000000e+00
1.008539473358179284e-01,8.009327434034381465e-02,-1.594889696892856090e-01,-1.013748778212040097e-01,-6.111620647385840321e-02
0.000000000000000000e+00,0.000000000000000000e+00,0.000000000000000000e+00,0.000000000000000000e+00,0.000000000000000000e+00
0.000000000000000000e+00,0.000000000000000000e+00,0.000000000000000000e+00,0.000000000000000000e+00,0.000000000000000000e+00
2.006121457210505166e-02,-6.233529213358224297e-02,8.188346626585144006e-03,-4.179792275785346178e-02,-2.561514227658692744e-02
-2.496589740629492349e-01,-4.041081706511011618e-01,3.975831800361576684e-01,1.102598373595977455e+00,1.606005652554678420e-01
1.246122353526846749e-01,7.178472050796684545e-02,4.641173913554662300e-02,2.857503433836776630e-01,6.928815570768298571e-02
0.000000000000000000e+00,0.000000000000000000e+00,0.000000000000000000e+00,0.000000000000000000e+00,0.000000000000000000e+00
-1.748681782802013196e-01,-2.316077346184397812e-01,7.716409118685893173e-03,-2.544253879845650435e-01,6.706512151164356617e-02
0.000000000000000000e+00,0.000000000000000000e+00,0.000000000000000000e+00,0.000000000000000000e+00,0.000000000000000000e+00
1.187931610090426915e-01,1.288334327773088539e-01,2.931454886438658036e-01,-6.508451794462882800e-03,-4.808416189464965740e-01
8.164694398156797650e-01,-2.243495357869886853e-01,1.429595245031596296e-01,3.732601565671221366e-01,-1.883023166986834696e-01
-1.632977137312825455e-01,-2.289467158610045683e-01,-3.677878379430161715e-01,1.729637808249291364e-01,1.882393678018630112e-01
4.773104098129388184e-02,4.534989962085738124e-01,3.093717010619632946e-02,-5.080999746343405343e-01,-8.955630423264260287e-02
-1.137680252778245915e-01,2.235595017902922699e-01,-4.296169793293120875e-01,-7.387570755075278939e-02,4.372705106500838212e-01
4.961774017679196902e-01,-2.382199290257362989e-01,-1.830014145861755814e-01,-3.881825319547589359e-01,1.127119248803392537e+00
0.000000000000000000e+00,0.000000000000000000e+00,0.000000000000000000e+00,0.000000000000000000e+00,0.000000000000000000e+00
5.582208775550905749e-02,9.035590188364761577e-02,-8.889695733707891900e-02,-2.465336701833813482e-01,-3.590921928972867772e-02
-4.847706768253301490e-01,-7.000658546811755478e-01,-6.965237562666648508e-02,-1.686971750458692854e-01,-3.661502176286823840e-01
0.000000000000000000e+00,0.000000000000000000e+00,0.000000000000000000e+00,0.000000000000000000e+00,0.000000000000000000e+00
7.944846183656562033e-02,-1.477398153455702356e-01,1.867589762500916351e-01,-1.956801844749069819e-01,1.903515911316113751e-01
-3.606293367200192890e-01,-1.627008185395943940e-01,4.244608950362360744e-02,-2.113658756836760411e-01,-4.097475902607179421e-01
-3.958415962850772019e-01,-1.755396208796129454e-01,2.840933283870776815e-01,2.885297756928579815e-01,2.913813862419871725e-01
-4.782199065882875022e-02,-4.543631212437617695e-01,-3.099611970350529128e-02,5.090681397507572647e-01,8.972695035356759163e-02
0.000000000000000000e+00,0.000000000000000000e+00,0.000000000000000000e+00,0.000000000000000000e+00,0.000000000000000000e+00
-5.743625718827098936e-01,-2.275415312644586407e-01,-3.328081534522997487e-01,-2.332836628616550279e-01,7.478944732685395280e-01
5.942311626095121424e-01,-8.175806312122085862e-02,-7.205754449690794650e-02,2.146879989692803414e-01,-1.700439700320823810e-01
0.000000000000000000e+00,0.000000000000000000e+00,0.000000000000000000e+00,0.000000000000000000e+00,0.000000000000000000e+00
0.000000000000000000e+00,0.000000000000000000e+00,0.000000000000000000e+00,0.000000000000000000e+00,0.000000000000000000e+00
0.000000000000000000e+00,0.000000000000000000e+00,0.000000000000000000e+00,0.000000000000000000e+00,0.000000000000000000e+00
0.000000000000000000e+00,0.000000000000000000e+00,0.000000000000000000e+00,0.000000000000000000e+00,0.000000000000000000e+00
0.000000000000000000e+00,0.000000000000000000e+00,0.000000000000000000e+00,0.000000000000000000e+00,0.000000000000000000e+00
-2.149456675385658100e-03,5.161864928756027329e-03,-3.672833946962285410e-03,2.171192621316438143e-03,-1.228426288410487677e-03
0.000000000000000000e+00,0.000000000000000000e+00,0.000000000000000000e+00,0.000000000000000000e+00,0.000000000000000000e+00
2.064825312010290514e-01,5.795719787944732249e-02,-3.250986152407298047e-01,2.311040218470319374e-01,-1.203303372103134983e-01
0.000000000000000000e+00,0.000000000000000000e+00,0.000000000000000000e+00,0.000000000000000000e+00,0.000000000000000000e+00
2.304134304119570542e-01,7.129616014758866083e-02,5.315560354845730862e-01,-1.698709576850775949e-01,-1.609353943732008130e-01
2.334268617093498976e-01,5.058952550700622774e-01,1.977615165130039432e-01,2.084127029085957039e-01,1.214898660390926199e-01
3.974232173171537291e-02,-1.234894939341319997e-01,1.622154555572377643e-02,-8.280388448014543157e-02,-5.074494477394742020e-02
0.000000000000000000e+00,0.000000000000000000e+00,0.000000000000000000e+00,0.000000000000000000e+00,0.000000000000000000e+00
4.746740103464965055e-02,2.734429814911835260e-02,1.767920002419790665e-02,1.088482692473400348e-01,2.639330451475596639e-02
-6.507774379805608689e-01,3.471485292001104117e-01,-1.481865159450671543e-01,-2.053801851889103802e-01,-8.615350190051218604e-02
0.000000000000000000e+00,0.000000000000000000e+00,0.000000000000000000e+00,0.000000000000000000e+00,0.000000000000000000e+00
2.939312222161128210e-02,4.757690323482886841e-02,-4.680869593381074834e-02,-1.298123124878536316e-01,-1.890800064821063220e-02
0.000000000000000000e+00,0.000000000000000000e+00,0.000000000000000000e+00,0.000000000000000000e+00,0.000000000000000000e+00
1.084901713047458915e-01,6.249736715604814474e-02,4.040708775599496233e-02,2.487805761315819431e-01,6.032380256113012429e-02
0.000000000000000000e+00,0.000000000000000000e+00,0.000000000000000000e+00,0.000000000000000000e+00,0.000000000000000000e+00
-2.792492593497841388e-02,8.676984186121819431e-02,-1.139806227860539790e-02,5.818211519814918409e-02,3.565591446702554013e-02
0.000000000000000000e+00,0.000000000000000000e+00,0.000000000000000000e+00,0.000000000000000000e+00,0.000000000000000000e+00
-3.238288304339000945e-01,-2.000653447183857736e-01,-3.912056126764618114e-02,-2.029947194109635866e-01,6.593007829873993586e-01
7.463446590697864202e-03,-3.667879120562638207e-01,1.751337286516623237e-01,-2.983809298083328621e-01,5.193045217818852421e-01
1.220120416981599343e-01,1.419371451977573251e-01,-3.625058861468941074e-02,3.594529900489640273e-01,-2.339614280328287388e-01
8.372935838876011116e-02,3.713055920851510150e-02,-6.009209828278522236e-02,-6.103050619626515516e-02,-6.163368565970217539e-02
0.000000000000000000e+00,0.000000000000000000e+00,0.000000000000000000e+00,0.000000000000000000e+00,0.000000000000000000e+00
0.000000000000000000e+00,0.000000000000000000e+00,0.000000000000000000e+00,0.000000000000000000e+00,0.000000000000000000e+00
1.201852526215994033e-01,1.303431824940664008e-01,2.965807484899185553e-01,-6.584721851399133463e-03,-4.864764179451741555e-01
0.000000000000000000e+00,0.000000000000000000e+00,0.000000000000000000e+00,0.000000000000000000e+00,0.000000000000000000e+00
-1.093742247261258183e-01,3.560485414671519244e-01,3.279919349228608838e-01,2.264997632900410673e-01,-1.237500091304026828e-01
1.156186909953743625e-01,3.683596847756070991e-01,5.247623233883866312e-02,-4.647925383710851399e-01,-1.093275071707104917e-01
0.000000000000000000e+00,0.000000000000000000e+00,0.000000000000000000e+00,0.000000000000000000e+00,0.000000000000000000e+00
0.000000000000000000e+00,0.000000000000000000e+00,0.000000000000000000e+00,0.000000000000000000e+00,0.000000000000000000e+00
1.496295142816294332e-01,-1.765020552014425759e-01,4.357916855773242421e-02,2.174267303969070753e-01,-9.156892634627170069e-03
0.000000000000000000e+00,0.000000000000000000e+00,0.000000000000000000e+00,0.000000000000000000e+00,0.000000000000000000e+00
-1.627263171734224523e-01,-1.814228400325168522e-01,-4.084026559169995352e-01,1.004702617298258716e-02,6.714415721203899068e-01
-1.038730313620601642e-01,1.841262325405720324e-01,-3.262682373515555234e-01,-3.052007721937828322e-01,-3.729487046909270020e-01
0.000000000000000000e+00,0.000000000000000000e+00,0.000000000000000000e+00,0.000000000000000000e+00,0.000000000000000000e+00
1.530503412520449746e-01,-3.307992538074244759e-02,-7.525555394538008258e-02,8.590560076181237292e-01,2.834217743834734904e-01
1.692918889605956601e-01,2.373506714442709109e-01,3.812882397396288869e-01,-1.793127687372465529e-01,-1.951490772514157257e-01
0.000000000000000000e+00,0.000000000000000000e+00,0.000000000000000000e+00,0.000000000000000000e+00,0.000000000000000000e+00
2.092889573713425100e-01,-2.879529190660263041e-02,-2.537875713597854965e-02,7.561338127591019087e-02,-5.988969854595882492e-02
-8.145209927369473357e-03,3.910599966633010460e-03,3.004137095923564704e-03,6.372374480666506691e-03,-1.850270258575130444e-02
0.000000000000000000e+00,0.000000000000000000e+00,0.000000000000000000e+00,0.000000000000000000e+00,0.000000000000000000e+00
0.000000000000000000e+00,0.000000000000000000e+00,0.000000000000000000e+00,0.000000000000000000e+00,0.000000000000000000e+00
0.000000000000000000e+00,0.000000000000000000e+00,0.000000000000000000e+00,0.000000000000000000e+00,0.000000000000000000e+00
9.975477404035924811e-02,-7.910178346404905803e-02,1.450923407651158459e-01,-1.615826886963755982e-01,1.739061329776228071e-01
-2.256117408810787844e-02,-2.988160837648831669e-02,9.955570600316948886e-04,-3.282550048389268338e-02,8.652619913726219969e-03
-2.648628322895280607e-01,9.045482092731527146e-02,-8.455812363357298467e-02,-1.334382305169592997e-01,5.393118314439826477e-02
-1.795679189436704126e-01,-2.378324022455939601e-01,7.923794602241077817e-03,-2.612633007111109795e-01,6.886755739087913053e-02
0.000000000000000000e+00,0.000000000000000000e+00,0.000000000000000000e+00,0.000000000000000000e+00,0.000000000000000000e+00
0.000000000000000000e+00,0.000000000000000000e+00,0.000000000000000000e+00,0.000000000000000000e+00,0.000000000000000000e+00
0.000000000000000000e+00,0.000000000000000000e+00,0.000000000000000000e+00,0.000000000000000000e+00,0.000000000000000000e+00
0.000000000000000000e+00,0.000000000000000000e+00,0.000000000000000000e+00,0.000000000000000000e+00,0.000000000000000000e+00
5.283267116156528751e-04,1.482950426459790356e-04,-8.318296048672303798e-04,5.913257029221564293e-04,-3.078891516688792712e-04
4.196541819320402933e-01,5.883636981518360898e-01,9.451675760170989982e-01,-4.444947347236092305e-01,-4.837510342140340924e-01
0.000000000000000000e+00,0.000000000000000000e+00,0.000000000000000000e+00,0.000000000000000000e+00,0.000000000000000000e+00
9.793462671878500059e-03,-1.924461315365522118e-02,3.698260420704435614e-02,6.359422891362542796e-03,-3.764144110884515282e-02
-2.855341893212269902e-02,3.390645508507092454e-01,3.658848017502665528e-01,2.765991948122161759e-01,-1.450714762784950373e-01
0.000000000000000000e+00,0.000000000000000000e+00,0.000000000000000000e+00,0.000000000000000000e+00,0.000000000000000000e+00
1.830847337252146101e-01,5.295512170768801319e-02,-1.496522550369238092e-01,-3.871334813899743876e-01,2.202660711798438697e-01
0.000000000000000000e+00,0.000000000000000000e+00,0.000000000000000000e+00,0.000000000000000000e+00,0.000000000000000000e+00
-2.976410322383533646e-01,1.016490914901614223e-01,-9.502264619342010166e-02,-1.499519291846573843e-01,6.060545710463238755e-02
0.000000000000000000e+00,0.000000000000000000e+00,0.000000000000000000e+00,0.000000000000000000e+00,0.000000000000000000e+00
-1.595614107327416459e-03,-5.971525965513357903e-02,1.889175971781817398e-02,-4.655885870854370445e-02,8.833091553219774017e-02
0.000000000000000000e+00,0.000000000000000000e+00,0.000000000000000000e+00,0.000000000000000000e+00,0.000000000000000000e+00
0.000000000000000000e+00,0.000000000000000000e+00,0.000000000000000000e+00,0.000000000000000000e+00,0.000000000000000000e+00
0.000000000000000000e+00,0.000000000000000000e+00,0.000000000000000000e+00,0.000000000000000000e+00,0.000000000000000000e+00
-7.658939789340768467e-01,1.053765137440350330e-01,9.287368778271556935e-02,-2.767075443130664336e-01,2.191666492711354941e-01
-1.022752748807271850e-01,-6.854692723471403903e-01,-2.312355064529159066e-02,7.753331248357375749e-01,1.558618819058512628e-01
-1.983522226685533463e-01,-1.129839848950372483e-01,1.402571866723969496e-01,6.166773549721388248e-02,-2.061490216337980019e-01
0.000000000000000000e+00,0.000000000000000000e+00,0.000000000000000000e+00,0.000000000000000000e+00,0.000000000000000000e+00
3.428445740036718536e-01,1.520376006615897779e-01,-2.460576580688800252e-01,-2.499001342030555683e-01,-2.523699585295435810e-01
0.000000000000000000e+00,0.000000000000000000e+00,0.000000000000000000e+00,0.000000000000000000e+00,0.000000000000000000e+00
0.000000000000000000e+00,0.000000000000000000e+00,0.000000000000000000e+00,0.000000000000000000e+00,0.000000000000000000e+00
-3.399912072177821432e-01,7.118041560908373588e-01,-1.163510469691808047e-01,-1.290388608662482728e-01,1.872689052393570197e-01
-1.161272798666221351e-02,-1.391471653529990915e-01,5.358944278538196881e-03,8.252515928317621929e-02,7.697476324566021599e-02
1.498975131982227538e-02,2.571178002680063468e-01,-7.410217549919839719e-02,2.070489096296497245e-01,-4.030719071692294708e-01
-4.994784554688402878e-02,2.951967195972371449e-02,1.887096971497133069e-01,4.178763443034854141e-01,3.966023577406385670e-01
0.000000000000000000e+00,0.000000000000000000e+00,0.000000000000000000e+00,0.000000000000000000e+00,0.000000000000000000e+00
-1.974107686135999004e-02,-1.875626082450547183e-01,-1.279530134653338903e-02,2.101450219039337763e-01,3.703958365309500955e-02
0.000000000000000000e+00,0.000000000000000000e+00,0.000000000000000000e+00,0.000000000000000000e+00,0.000000000000000000e+00
-2.253424473271737477e-02,-2.141008692982563077e-01,-1.460571041775426786e-02,2.398784719902695151e-01,4.228031979706803334e-02
1.383041181598010372e-02,-1.642326049154850254e-01,-1.772235225996538488e-01,-1.339762772827801096e-01,7.026823178174890216e-02
0.000000000000000000e+00,0.000000000000000000e+00,0.000000000000000000e+00,0.000000000000000000e+00,0.000000000000000000e+00
0.000000000000000000e+00,0.000000000000000000e+00,0.000000000000000000e+00,0.000000000000000000e+00,0.000000000000000000e+00
0.000000000000000000e+00,0.000000000000000000e+00,0.000000000000000000e+00,0.000000000000000000e+00,0.000000000000000000e+00
0.000000000000000000e+00,0.000000000000000000e+00,0.000000000000000000e+00,0.000000000000000000e+00,0.000000000000000000e+00
-3.564984223207914860e-02,4.233327635143543377e-01,4.568186909077394109e-01,3.453428004547045016e-01,-1.811263041388326833e-01
-2.476904897299132824e-01,5.948223412755435646e-01,-4.232353456747477982e-01,2.501952097151957655e-01,-1.415564744606454539e-01
0.000000000000000000e+00,0.000000000000000000e+00,0.000000000000000000e+00,0.000000000000000000e+00,0.000000000000000000e+00
0.000000000000000000e+00,0.000000000000000000e+00,0.000000000000000000e+00,0.000000000000000000e+00,0.000000000000000000e+00
-2.476718320910096388e-03,-3.746886870053217633e-02,-1.031176628165875186e-01,-2.700888951229196699e-01,-2.098407581983474657e-01
0.000000000000000000e+00,0.000000000000000000e+00,0.000000000000000000e+00,0.000000000000000000e+00,0.000000000000000000e+00
0.000000000000000000e+00,0.000000000000000000e+00,0.000000000000000000e+00,0.000000000000000000e+00,0.000000000000000000e+00
-3.356291362526707400e-02,-4.705588751766737188e-02,-7.559218776092713199e-02,3.554960019635999835e-02,3.868922288039666757e-02
-5.971129435408180364e-03,-2.234672801101296180e-01,7.069700751559926388e-02,-1.742332124270626892e-01,3.305531878721548189e-01
0.000000000000000000e+00,0.000000000000000000e+00,0.000000000000000000e+00,0.000000000000000000e+00,0.000000000000000000e+00
1.404932583105641952e-01,9.358924712658350797e-02,6.108218468639459164e-02,3.564268152625048591e-01,9.305401148613667850e-02
0.000000000000000000e+00,0.000000000000000000e+00,0.000000000000000000e+00,0.000000000000000000e+00,0.000000000000000000e+00
0.000000000000000000e+00,0.000000000000000000e+00,0.000000000000000000e+00,0.000000000000000000e+00,0.000000000000000000e+00
-1.966264733347888177e-03,-7.358672035011493140e-02,2.328019081395957257e-02,-5.737417429636154642e-02,1.088496042230415739e-01
0.000000000000000000e+00,0.000000000000000000e+00,0.000000000000000000e+00,0.000000000000000000e+00,0.000000000000000000e+00
0.000000000000000000e+00,0.000000000000000000e+00,0.000000000000000000e+00,0.000000000000000000e+00,0.000000000000000000e+00
0.000000000000000000e+00,0.000000000000000000e+00,0.000000000000000000e+00,0.000000000000000000e+00,0.000000000000000000e+00
-1.343762581698169367e-01,3.227011282652613722e-01,-2.296122961321481193e-01,1.357351109047463256e-01,-7.679676913907584890e-02
1.249809724210622086e-01,4.839263110006979396e-01,-1.383189059264777754e-01,7.435827547844582330e-01,6.735223621292663054e-02
0.000000000000000000e+00,0.000000000000000000e+00,0.000000000000000000e+00,0.000000000000000000e+00,0.000000000000000000e+00
-8.263829117551763082e-02,-1.876188633199438183e-04,2.564656982910609728e-01,-2.273919902301621554e-01,6.034404657067871103e-02
-1.598700967404857454e-01,2.922140396432258980e-01,-4.091803625869852579e-01,-8.466325349991726812e-02,-3.362081628902885422e-02
0.000000000000000000e+00,0.000000000000000000e+00,0.000000000000000000e+00,0.000000000000000000e+00,0.000000000000000000e+00
-1.743477392119041625e-01,-7.731611919944414435e-02,1.251284099354754709e-01,1.270824353970595455e-01,1.283384222792363083e-01
0.000000000000000000e+00,0.000000000000000000e+00,0.000000000000000000e+00,0.000000000000000000e+00,0.000000000000000000e+00
1.883987150477639538e-01,8.354715452863470393e-02,-1.352127177236375211e-01,-1.373242213645629040e-01,-1.386814303297518869e-01
3.643038033226473488e-02,4.825096219921752583e-02,-1.607563604526386636e-03,5.300457602760522136e-02,-1.397171233627103604e-02
0.000000000000000000e+00,0.000000000000000000e+00,0.000000000000000000e+00,0.000000000000000000e+00,0.000000000000000000e+00
-1.484297861747174707e-01,-1.678145929417024229e-02,1.499453962645742600e-01,1.056863878315041916e-01,-4.150788899144539634e-01
5.450369387129366805e-01,-2.907426726732602051e-01,1.241086741726400433e-01,1.720093243475390721e-01,7.215499215978837810e-02
1.572586865018700819e-01,3.621472291238720942e-01,-1.213019817636675768e-01,4.278726847807273748e-02,3.009519722629114824e-01
